,EID,Age,Prediction,ABSError,ABSMEANError
0,1020415,70.0,67.89193725585938,2.108062744140625,6.061050850830931
